Channel Id,Channel Url,Channel Title
UC-to_wlckb-bFDtQfUZL3Kw,http://www.youtube.com/channel/UC-to_wlckb-bFDtQfUZL3Kw,Door Monster
UC0S-0tvq4RQcT_ujYf9iDJw,http://www.youtube.com/channel/UC0S-0tvq4RQcT_ujYf9iDJw,Rachel Lark
UC0tNjxAn1nQ8I9FlosGoBZQ,http://www.youtube.com/channel/UC0tNjxAn1nQ8I9FlosGoBZQ,SockPuppetParody
UC1F1EVFBl3Kg7_aUvQ-nBOg,http://www.youtube.com/channel/UC1F1EVFBl3Kg7_aUvQ-nBOg,I Am Kawehi
UC1qC39KQoTG6LqgL_YnjSSQ,http://www.youtube.com/channel/UC1qC39KQoTG6LqgL_YnjSSQ,Glove and Boots
UC1vPi1axB-goBfyDYJs1MaQ,http://www.youtube.com/channel/UC1vPi1axB-goBfyDYJs1MaQ,Empathy Test
UC20LoHy2mX0LQODrkUalxVQ,http://www.youtube.com/channel/UC20LoHy2mX0LQODrkUalxVQ,Donald Glover
UC21dePnObMPck4_nX_QrE1A,http://www.youtube.com/channel/UC21dePnObMPck4_nX_QrE1A,Cheerful Nihilism
UC2DBGluwnRFEpjfc67KJBmg,http://www.youtube.com/channel/UC2DBGluwnRFEpjfc67KJBmg,Mike Bettencourt
UC2IJbt-vtn0E2Yn8O_iWmbQ,http://www.youtube.com/channel/UC2IJbt-vtn0E2Yn8O_iWmbQ,O'Keefe Music Foundation
UC2bF3oZhfE2cDrurqv_LvYA,http://www.youtube.com/channel/UC2bF3oZhfE2cDrurqv_LvYA,Laughing Dragon Studios
UC2hAbftpVjHtFrDOpEM90aA,http://www.youtube.com/channel/UC2hAbftpVjHtFrDOpEM90aA,Action Movie Kids
UC2nTU8J26pBzcDM7aIlVY6A,http://www.youtube.com/channel/UC2nTU8J26pBzcDM7aIlVY6A,UK Panel & TV Shows
UC33_tIj4m1_XaqfFcomShvw,http://www.youtube.com/channel/UC33_tIj4m1_XaqfFcomShvw,BABYMETAL
UC3Jvz7FpBsY73_wEjFV67wQ,http://www.youtube.com/channel/UC3Jvz7FpBsY73_wEjFV67wQ,Heilung
UC3XTzVzaHQEd30rQbuvCtTQ,http://www.youtube.com/channel/UC3XTzVzaHQEd30rQbuvCtTQ,LastWeekTonight
UC3yVPWYGAkjaHsG5Zo59yaw,http://www.youtube.com/channel/UC3yVPWYGAkjaHsG5Zo59yaw,Amanda Palmer
UC4A0tSQxVvd-IKUlWfCwS-g,http://www.youtube.com/channel/UC4A0tSQxVvd-IKUlWfCwS-g,Chaos Gifs
UC5yVeWxC5dQd1CNq4naTBAw,http://www.youtube.com/channel/UC5yVeWxC5dQd1CNq4naTBAw,TROPFEST
UC6-ymYjG0SU0jUWnWh9ZzEQ,http://www.youtube.com/channel/UC6-ymYjG0SU0jUWnWh9ZzEQ,Wisecrack
UC68GPKqwj-F6acTMYxZb0bA,http://www.youtube.com/channel/UC68GPKqwj-F6acTMYxZb0bA,Shivelight
UC6k_GngLDtxbkUlZOq6_h5g,http://www.youtube.com/channel/UC6k_GngLDtxbkUlZOq6_h5g,The McElroy Family
UC7Edgk9RxP7Fm7vjQ1d-cDA,http://www.youtube.com/channel/UC7Edgk9RxP7Fm7vjQ1d-cDA,Feminist Frequency
UC7sDT8jZ76VLV1u__krUutA,http://www.youtube.com/channel/UC7sDT8jZ76VLV1u__krUutA,DUST
UC7sqoPEAFZUca0mukF6aOtg,http://www.youtube.com/channel/UC7sqoPEAFZUca0mukF6aOtg,Dj Earworm
UC8OgfVyM8u5xhoHTJPa9sOQ,http://www.youtube.com/channel/UC8OgfVyM8u5xhoHTJPa9sOQ,Ross Rosenberg
UC98tcedR6gULv8_b70WJKyw,http://www.youtube.com/channel/UC98tcedR6gULv8_b70WJKyw,Frog Leap Studios
UC9Ta8RQydQwHdFwzYt9cnYg,http://www.youtube.com/channel/UC9Ta8RQydQwHdFwzYt9cnYg,Mock The Week
UC9aUgz_Lu41jDmOyY9cE5gA,http://www.youtube.com/channel/UC9aUgz_Lu41jDmOyY9cE5gA,LoomecyV2
UCA3-nIYWu4PTWkb6NwhEpzg,http://www.youtube.com/channel/UCA3-nIYWu4PTWkb6NwhEpzg,Ryan Reynolds
UCATJh3BJNXTRX4EdxK2oDKw,http://www.youtube.com/channel/UCATJh3BJNXTRX4EdxK2oDKw,MEpearlA
UCAuUUnT6oDeKwE6v1NGQxug,http://www.youtube.com/channel/UCAuUUnT6oDeKwE6v1NGQxug,TED
UCB0ABGbdSggBXLF0UdN4d5A,http://www.youtube.com/channel/UCB0ABGbdSggBXLF0UdN4d5A,The Muppets
UCBcnksHgEGsOe3iz9NeeM8g,http://www.youtube.com/channel/UCBcnksHgEGsOe3iz9NeeM8g,Chaoseum
UCC8zWIx8aBQme-x1nX9iZ0A,http://www.youtube.com/channel/UCC8zWIx8aBQme-x1nX9iZ0A,Dimension 20
UCCHcEUksSVKsRDH86j77Ntg,http://www.youtube.com/channel/UCCHcEUksSVKsRDH86j77Ntg,thelonelyisland
UCCXR2kCo7Lcw_BKwWxo09kw,http://www.youtube.com/channel/UCCXR2kCo7Lcw_BKwWxo09kw,Zee Bashew
UCD4ZEYIBnHIC2DUhiizMOHg,http://www.youtube.com/channel/UCD4ZEYIBnHIC2DUhiizMOHg,Oats Studios
UCDR3HGIUoPBSCAX4LIfu_Jg,http://www.youtube.com/channel/UCDR3HGIUoPBSCAX4LIfu_Jg,Official Drone Unit
UCDoFX2HYqqVkViJyz-A1yKQ,http://www.youtube.com/channel/UCDoFX2HYqqVkViJyz-A1yKQ,Diana Bastet
UCDrCBUjMmjAkdoFOP2qOOmg,http://www.youtube.com/channel/UCDrCBUjMmjAkdoFOP2qOOmg,JaspertheColossal
UCEmCXnbNYz-MOtXi3lZ7W1Q,http://www.youtube.com/channel/UCEmCXnbNYz-MOtXi3lZ7W1Q,The Key of Awesome
UCEqT_Q5_ijLOcVv930jSimg,http://www.youtube.com/channel/UCEqT_Q5_ijLOcVv930jSimg,Deerstalker Pictures
UCEtB-nx5ngoNJWEzYa-yXBg,http://www.youtube.com/channel/UCEtB-nx5ngoNJWEzYa-yXBg,FilmJoy
UCF1fG3gT44nGTPU2sVLoFWg,http://www.youtube.com/channel/UCF1fG3gT44nGTPU2sVLoFWg,Patrick (H) Willems
UCG9dVVJn8GLRxuGVWh1TQLg,http://www.youtube.com/channel/UCG9dVVJn8GLRxuGVWh1TQLg,The 69 Eyes
UCHCph-_jLba_9atyCZJPLQQ,http://www.youtube.com/channel/UCHCph-_jLba_9atyCZJPLQQ,How It Should Have Ended
UCHVd0LM1g9S0cttDHkidEHA,http://www.youtube.com/channel/UCHVd0LM1g9S0cttDHkidEHA,Steve Hofstetter
UCI4Wh0EQPjGx2jJLjmTsFBQ,http://www.youtube.com/channel/UCI4Wh0EQPjGx2jJLjmTsFBQ,Node
UCJ-4K4911cLZMNEZLnxnpIg,http://www.youtube.com/channel/UCJ-4K4911cLZMNEZLnxnpIg,Lee Hardcastle
UCJ3HTYpNsPz3SReP1O46MXw,http://www.youtube.com/channel/UCJ3HTYpNsPz3SReP1O46MXw,Zombie Orpheus Entertainment
UCJGI1U-c6-zr71EARuGRFzQ,http://www.youtube.com/channel/UCJGI1U-c6-zr71EARuGRFzQ,Misfit Gypsies
UCJWIXhKW89Gj7X8KRHDEbKw,http://www.youtube.com/channel/UCJWIXhKW89Gj7X8KRHDEbKw,My Dark Reality
UCJfWEppsIDbWCcmV7BwKxQQ,http://www.youtube.com/channel/UCJfWEppsIDbWCcmV7BwKxQQ,Buffalo Wabs & The Price Hill Hustle
UCK33kufuprDPsfRPkMfgoRA,http://www.youtube.com/channel/UCK33kufuprDPsfRPkMfgoRA,FEVER 333
UCKDgu_ybsj4sGbeAr-ZquGg,http://www.youtube.com/channel/UCKDgu_ybsj4sGbeAr-ZquGg,OnlyLeigh
UCKFTka-4aYpo2H_WTcDCoJg,http://www.youtube.com/channel/UCKFTka-4aYpo2H_WTcDCoJg,Djs From Mars
UCKHrh7fxdsCL5JjbJUqcn4A,http://www.youtube.com/channel/UCKHrh7fxdsCL5JjbJUqcn4A,TheSnakeCharmer
UCL8h3ri2WN_-IbviBlWtUcQ,http://www.youtube.com/channel/UCL8h3ri2WN_-IbviBlWtUcQ,CinemaWins
UCLjPbKBCN8FmDA_fEPTJPTA,http://www.youtube.com/channel/UCLjPbKBCN8FmDA_fEPTJPTA,WeBeZombies
UCMOnmD3apdcAx4MSfqPuzww,http://www.youtube.com/channel/UCMOnmD3apdcAx4MSfqPuzww,Molly Lewis
UCNYrK4tc5i1-eL8TXesH2pg,http://www.youtube.com/channel/UCNYrK4tc5i1-eL8TXesH2pg,schmoyoho
UCNia02cdZfoBwlkq8d705lA,http://www.youtube.com/channel/UCNia02cdZfoBwlkq8d705lA,Zero Signal
UCNqRS1gSJFMNPVwye1gyI_g,http://www.youtube.com/channel/UCNqRS1gSJFMNPVwye1gyI_g,Lucas the Spider
UCPDXXXJj9nax0fr0Wfc048g,http://www.youtube.com/channel/UCPDXXXJj9nax0fr0Wfc048g,CollegeHumor
UCPDis9pjXuqyI7RYLJ-TTSA,http://www.youtube.com/channel/UCPDis9pjXuqyI7RYLJ-TTSA,FailArmy
UCQqi--mpTFtGNim0WCtPH-A,http://www.youtube.com/channel/UCQqi--mpTFtGNim0WCtPH-A,Nukazooka
UCR8lIOsBqrhxRrfwkMgIbWA,http://www.youtube.com/channel/UCR8lIOsBqrhxRrfwkMgIbWA,Extremely Decent
UCR9sFzaG9Ia_kXJhfxtFMBA,http://www.youtube.com/channel/UCR9sFzaG9Ia_kXJhfxtFMBA,melodysheep
UCRI00CwLZdLRCWg5BdDOsNw,http://www.youtube.com/channel/UCRI00CwLZdLRCWg5BdDOsNw,The Canadian Lad
UCRIeT4kJ-hw-hFC7VNTw4kw,http://www.youtube.com/channel/UCRIeT4kJ-hw-hFC7VNTw4kw,Samantha Bee
UCS0AAs7t62rKfnrql2fbo9A,http://www.youtube.com/channel/UCS0AAs7t62rKfnrql2fbo9A,"Mrs. Betty Bowers, America's Best Christian"
UCS8aP7SiA_eTfvT_Gruxzsw,http://www.youtube.com/channel/UCS8aP7SiA_eTfvT_Gruxzsw,No More Jockeys
UCSUSlzRr_tOotEhjkNrzbXw,http://www.youtube.com/channel/UCSUSlzRr_tOotEhjkNrzbXw,The Good Place
UCSgvVvUGFa8AI9zm1gDyQGQ,http://www.youtube.com/channel/UCSgvVvUGFa8AI9zm1gDyQGQ,goatfacecomedy
UCSiPjfAJBgbFlIUsxOWpK0w,http://www.youtube.com/channel/UCSiPjfAJBgbFlIUsxOWpK0w,PomplamooseMusic
UCT5C7yaO3RVuOgwP8JVAujQ,http://www.youtube.com/channel/UCT5C7yaO3RVuOgwP8JVAujQ,Taskmaster
UCTI2bzqpOeDm-ogQhU05E_g,http://www.youtube.com/channel/UCTI2bzqpOeDm-ogQhU05E_g,RED HANDED DENIAL
UCTMt7iMWa7jy0fNXIktwyLA,http://www.youtube.com/channel/UCTMt7iMWa7jy0fNXIktwyLA,Omeleto
UCTcw8GqWQlFcc6ioeJQOMAQ,http://www.youtube.com/channel/UCTcw8GqWQlFcc6ioeJQOMAQ,Game Changer Shorts
UCUNYSwNARexFwxXp3oPAtvg,http://www.youtube.com/channel/UCUNYSwNARexFwxXp3oPAtvg,Horrible Histories
UCUpkp-6fXuG9dqfoJ99XTmw,http://www.youtube.com/channel/UCUpkp-6fXuG9dqfoJ99XTmw,Puffin Forest
UCUzEzP63xBxsmsh8UPryKOQ,http://www.youtube.com/channel/UCUzEzP63xBxsmsh8UPryKOQ,We Made A Thing Studios
UCVQa3eDp9rFpKw3LZ3AsMCg,http://www.youtube.com/channel/UCVQa3eDp9rFpKw3LZ3AsMCg,"Um, Actually"
UCVpankR4HtoAVtYnFDUieYA,http://www.youtube.com/channel/UCVpankR4HtoAVtYnFDUieYA,zefrank1
UCWXCrItCF6ZgXrdozUS-Idw,http://www.youtube.com/channel/UCWXCrItCF6ZgXrdozUS-Idw,ExplosmEntertainment
UCX0Li3JxkKVPIHAamYe-YmQ,http://www.youtube.com/channel/UCX0Li3JxkKVPIHAamYe-YmQ,Mike Relm
UCXoIFuHdVHm-Zp9umA2seRQ,http://www.youtube.com/channel/UCXoIFuHdVHm-Zp9umA2seRQ,timtimfed
UCXuc4N_UKi5IXNGtHZY8qQA,http://www.youtube.com/channel/UCXuc4N_UKi5IXNGtHZY8qQA,Jack Conte
UCZ5ZvIxBENqIPb8y-49NY1A,http://www.youtube.com/channel/UCZ5ZvIxBENqIPb8y-49NY1A,IAMDANIELGRAVES
UC_mneEC0wc29EGGmIsN_xLA,http://www.youtube.com/channel/UC_mneEC0wc29EGGmIsN_xLA,Aunty Donna
UCaRmEgTuALuDMeD71TGTlmw,http://www.youtube.com/channel/UCaRmEgTuALuDMeD71TGTlmw,EUZEN
UCcbHQTtv8n2Swswv61HcxZA,http://www.youtube.com/channel/UCcbHQTtv8n2Swswv61HcxZA,loomecy
UCccyJhDWayUzZKI45_m2zNQ,http://www.youtube.com/channel/UCccyJhDWayUzZKI45_m2zNQ,Denis Pauna
UCchBatdUMZoMfJ3rIzgV84g,http://www.youtube.com/channel/UCchBatdUMZoMfJ3rIzgV84g,Viva La Dirt League
UCeE3lj6pLX_gCd0Yvns517Q,http://www.youtube.com/channel/UCeE3lj6pLX_gCd0Yvns517Q,Ozzy Man Reviews
UCfPUcG3oCmXEYgdFuwlFh8w,http://www.youtube.com/channel/UCfPUcG3oCmXEYgdFuwlFh8w,Dingo Doodles
UCgITW_70LNZFkNna7VsXbuQ,http://www.youtube.com/channel/UCgITW_70LNZFkNna7VsXbuQ,Peter Hollens
UCh9DnjvObUcvvwrYbJ4-cLQ,http://www.youtube.com/channel/UCh9DnjvObUcvvwrYbJ4-cLQ,StrucciMovies
UChDkP71cJOHop-iRgl_8pVg,http://www.youtube.com/channel/UChDkP71cJOHop-iRgl_8pVg,Bloodywood
UCjD2KyAEm84yVH8cTilID7Q,http://www.youtube.com/channel/UCjD2KyAEm84yVH8cTilID7Q,Cracked
UCjUFNT7Mwg1dniSKszEQYsA,http://www.youtube.com/channel/UCjUFNT7Mwg1dniSKszEQYsA,Tom Allen
UCjj9EnVJUY7pTkP5MX8F9gQ,http://www.youtube.com/channel/UCjj9EnVJUY7pTkP5MX8F9gQ,Jay Smooth
UCk9dtbM-wjpLk134r55OUbg,http://www.youtube.com/channel/UCk9dtbM-wjpLk134r55OUbg,the DM Lair
UCkf4VIqu3Acnfzuk3kRIFwA,http://www.youtube.com/channel/UCkf4VIqu3Acnfzuk3kRIFwA,gotbletu
UCl6-zNBmmXpgSDMmD0j_K_w,http://www.youtube.com/channel/UCl6-zNBmmXpgSDMmD0j_K_w,Lauren Babic
UClJMqrWQJ8OYWJ4ZdfqZdeQ,http://www.youtube.com/channel/UClJMqrWQJ8OYWJ4ZdfqZdeQ,Brass Against
UCm6r_b2K5jn1JGkwDcwJXrQ,http://www.youtube.com/channel/UCm6r_b2K5jn1JGkwDcwJXrQ,Anthony Vincent
UCmR_MkIuU4Er5SN3bytLYSg,http://www.youtube.com/channel/UCmR_MkIuU4Er5SN3bytLYSg,Rafael Casal
UCme-J283XajZAr6AATYWhTg,http://www.youtube.com/channel/UCme-J283XajZAr6AATYWhTg,OneMinuteGalactica
UCn7dB9UMTBDjKtEKBy_XISw,http://www.youtube.com/channel/UCn7dB9UMTBDjKtEKBy_XISw,Miley Cyrus
UCnH4xQWNZjgmE4gXwFWRBuA,http://www.youtube.com/channel/UCnH4xQWNZjgmE4gXwFWRBuA,djschmollivideos
UCnJk9mmcKpBN8hlxyjRDj9Q,http://www.youtube.com/channel/UCnJk9mmcKpBN8hlxyjRDj9Q,myNoise • Focus • Relax • Sleep
UCo9zeYe8YDRAbFoLeDGfT2Q,http://www.youtube.com/channel/UCo9zeYe8YDRAbFoLeDGfT2Q,BLXPLTN
UCpAlI7a5AyrlK4_3SwIV4zw,http://www.youtube.com/channel/UCpAlI7a5AyrlK4_3SwIV4zw,Katarakt
UCpbH_7H71IPKq4eH7CD5spg,http://www.youtube.com/channel/UCpbH_7H71IPKq4eH7CD5spg,Astral Throb
UCs8CluusAzfON2gMmOuohsA,http://www.youtube.com/channel/UCs8CluusAzfON2gMmOuohsA,Convos TV
UCsGe05GDlujq9-VtUDvFXvw,http://www.youtube.com/channel/UCsGe05GDlujq9-VtUDvFXvw,SugarpillCovers
UCsk8pgXcNoGEp7PZryS_3IQ,http://www.youtube.com/channel/UCsk8pgXcNoGEp7PZryS_3IQ,The Darkest Timeline with Ken Jeong & Joel McHale
UCsn6cjffsvyOZCZxvGoJxGg,http://www.youtube.com/channel/UCsn6cjffsvyOZCZxvGoJxGg,Corridor
UCt9S9nd8hATsfRjRlrcyklw,http://www.youtube.com/channel/UCt9S9nd8hATsfRjRlrcyklw,The Guild
UCtJVZjY6xsZUV-sYdcIFpZw,http://www.youtube.com/channel/UCtJVZjY6xsZUV-sYdcIFpZw,331Erock
UCttd8nlOE9kAmuztJwTT9-w,http://www.youtube.com/channel/UCttd8nlOE9kAmuztJwTT9-w,ThePackad
UCuFycOXAeIc5AWkvJGlD_yA,http://www.youtube.com/channel/UCuFycOXAeIc5AWkvJGlD_yA,Peter Serafinowicz
UCuLr0QmdN899rTMCpAveJaw,http://www.youtube.com/channel/UCuLr0QmdN899rTMCpAveJaw,Melodicka Bros
UCuYRxRuTAtmeE2AiR5WWWHQ,http://www.youtube.com/channel/UCuYRxRuTAtmeE2AiR5WWWHQ,The Hillywood Show
UCue4o36_p6Oq6njkwnlkl0Q,http://www.youtube.com/channel/UCue4o36_p6Oq6njkwnlkl0Q,Public Domain Full Movies
UCwbqOKXhYrZEyMcLh4oVEIg,http://www.youtube.com/channel/UCwbqOKXhYrZEyMcLh4oVEIg,Dave Gorman
UCwkH6JNThiRg3PkSM24LXww,http://www.youtube.com/channel/UCwkH6JNThiRg3PkSM24LXww,Wrong Thought Films
UCwyCwL-apAJQjmSp5jKGzaw,http://www.youtube.com/channel/UCwyCwL-apAJQjmSp5jKGzaw,Letterkenny Problems
UCyHgrKI81xnTdzDnYI0mq2Q,http://www.youtube.com/channel/UCyHgrKI81xnTdzDnYI0mq2Q,Wil Wheaton
UCyI1D9N2OvZif9a2JhV_nrA,http://www.youtube.com/channel/UCyI1D9N2OvZif9a2JhV_nrA,Aim To Head Mix
UCyaPf0E-PRRZH3UvvxNPeEw,http://www.youtube.com/channel/UCyaPf0E-PRRZH3UvvxNPeEw,Avatar Metal
UCzI2mrHQdamwoxRfabRQO0w,http://www.youtube.com/channel/UCzI2mrHQdamwoxRfabRQO0w,James Farr
UCzb-6smlTg5UPirLdsdQ_cQ,http://www.youtube.com/channel/UCzb-6smlTg5UPirLdsdQ_cQ,Foil Arms and Hog

